Label,# Samples,Average,Min,Max,Std. Dev.,Error %,Throughput,Received KB/sec,Sent KB/sec,Avg. Bytes
HomePage,922,2645,32,6695,949.68,0.000%,3.04580,3.02,0.76,1016.0
Page1,912,1246,6,4237,496.35,0.000%,3.02481,4.22,0.39,1428.0
Page2,904,1272,6,4741,527.48,0.000%,3.00331,3.21,0.39,1096.0
Page3,899,1310,7,5266,518.57,0.000%,2.97337,2.32,0.39,800.7
Page4,895,7670,721,80835,6008.63,0.000%,2.94164,6333.57,0.38,2204747.0
Page5,878,2597,0,9823,1799.96,3.986%,2.91675,80.12,0.36,28127.4
TOTAL,5410,2781,0,80835,3447.56,0.647%,17.77284,6422.45,2.65,370035.9
