Label,# Samples,Average,Min,Max,Std. Dev.,Error %,Throughput,Received KB/sec,Sent KB/sec,Avg. Bytes
HomePage,841,2810,22,8522,1156.92,0.000%,2.77853,2.76,0.69,1016.0
Page1,832,1306,5,4556,577.65,0.000%,2.76468,3.86,0.36,1428.0
Page2,830,1341,6,5649,643.43,0.000%,2.74403,2.94,0.36,1096.0
Page3,827,1385,6,5995,658.38,0.000%,2.75888,2.16,0.36,800.4
Page4,827,8909,947,55856,7079.31,0.000%,2.67543,5760.40,0.35,2204747.0
Page5,800,2595,0,11211,1916.49,6.375%,2.61346,70.14,0.32,27480.2
TOTAL,4957,3057,0,55856,4075.60,1.029%,16.03035,5839.06,2.38,372992.5
